<?xml version="1.0" encoding="UTF-8" standalone="yes"?>
<addon id="service.subtitles.subsro" name="Subs.ro" version="1.0.0" provider-name="subs.ro">
    <requires>
        <import addon="xbmc.python" version="3.0.0"/>
    </requires>
    <extension point="xbmc.subtitle.module" library="service.py"/>
    <extension point="xbmc.addon.metadata">
        <summary lang="en">Subs.ro subtitle provider for Kodi</summary>
        <summary lang="ro">Provider de subtitrari subs.ro pentru Kodi</summary>
        <description lang="en">Search and download subtitles from subs.ro - the largest Romanian subtitle database.</description>
        <description lang="ro">Cauta si descarca subtitrari de pe subs.ro - cea mai mare baza de date de subtitrari romanesti.</description>
        <platform>all</platform>
        <license>GPL-3.0</license>
    </extension>
</addon>
